auroc_feature_vs_label,corr_spearman_with_entropy,corr_spearman_with_seq_len,corr_spearman_with_sink,feature,frac_missing,label,mean,n,n_finite,std
0.5493674957118353,1.0,-0.08742978887444801,0.13044024999056877,entropy,0.3204819277108434,hallucinated,0.33367548320369783,415,282,0.35818094121028987
0.5441927990708478,-0.08742978887444801,1.0,-0.12975936440118196,seq_len,0.0,hallucinated,97.70843373493976,415,415,16.69757362662891
0.46537307032590053,0.13044024999056877,-0.129759364401182,1.0,sink_mass,0.3204819277108434,hallucinated,0.3727572366111611,415,282,0.008842300751353652
