auroc_feature_vs_label,corr_spearman_with_entropy,corr_spearman_with_seq_len,corr_spearman_with_sink,feature,frac_missing,label,mean,n,n_finite,std
0.5192480661989567,1.0,-0.11575746001529479,-0.1020599118883561,entropy,0.0,hallucinated,1.9064560113182987,415,415,0.3568542905936456
0.5540414942735504,-0.1157574600152948,1.0,-0.37673494417471354,seq_len,0.0,hallucinated,97.70843373493976,415,415,16.69757362662891
0.45994483420279425,-0.1020599118883561,-0.3767349441747136,1.0,sink_mass,0.0,hallucinated,0.3802679016562246,415,415,0.016740308348155777
