auroc_feature_vs_label,corr_spearman_with_entropy,corr_spearman_with_seq_len,corr_spearman_with_sink,feature,frac_missing,label,mean,n,n_finite,std
0.7608658743633276,1.0,-0.09899729218024982,-0.08612706633696139,entropy,0.44337349397590364,hallucinated,0.371548674900505,415,231,0.43890466779616955
0.5452271877337322,-0.09899729218024982,1.0,-0.0549742548485107,seq_len,0.0,hallucinated,68.70843373493976,415,415,16.69757362662891
0.40050933786078097,-0.08612706633696139,-0.05497425484851069,1.0,sink_mass,0.44337349397590364,hallucinated,0.5229670899397773,415,231,0.0212231248088425
