auroc_feature_vs_label,corr_spearman_with_entropy,corr_spearman_with_seq_len,corr_spearman_with_sink,feature,frac_missing,label,mean,n,n_finite,std
0.5493674957118353,1.0,-0.08742978887444801,nan,entropy,0.3204819277108434,hallucinated,0.33367548320369783,415,282,0.35818094121028987
0.5441927990708478,-0.08742978887444801,1.0,nan,seq_len,0.0,hallucinated,97.70843373493976,415,415,16.69757362662891
nan,nan,nan,nan,sink_mass,0.9975903614457832,hallucinated,0.3943778085827762,415,1,0.0
