auroc_feature_vs_label,corr_spearman_with_entropy,corr_spearman_with_seq_len,corr_spearman_with_sink,feature,frac_missing,label,mean,n,n_finite,std
0.5503793036374246,1.0,-0.0989384230003495,0.11820240829538892,entropy,0.0,hallucinated,2.920599103261189,415,415,0.30084069300139843
0.4536730856513,-0.0989384230003495,1.0,-0.4256577759589081,seq_len,0.0,hallucinated,73.69638554216867,415,415,16.075855170590927
0.5095960578357,0.11820240829538892,-0.4256577759589081,1.0,sink_mass,0.0,hallucinated,0.23057424877531804,415,415,0.013920495586807545
