auroc_feature_vs_label,corr_spearman_with_entropy,corr_spearman_with_seq_len,corr_spearman_with_sink,feature,frac_missing,label,mean,n,n_finite,std
0.6419047619047619,1.0,0.013652973748196741,0.0020150837463566644,entropy,0.0,hallucinated,0.7701855792428356,415,415,0.3841195004942024
0.5389417989417989,0.013652973748196743,1.0,-0.16126860412587438,seq_len,0.0,hallucinated,68.70843373493976,415,415,16.69757362662891
0.5153174603174603,0.0020150837463566644,-0.16126860412587438,1.0,sink_mass,0.0,hallucinated,0.47679409215454394,415,415,0.013972004247179492
