auroc_feature_vs_label,corr_spearman_with_entropy,corr_spearman_with_seq_len,corr_spearman_with_sink,feature,frac_missing,label,mean,n,n_finite,std
0.4919589756038354,1.0,0.0363056541627164,0.006065062927294462,entropy,0.0,hallucinated,1.561851727962494,415,415,0.4649553263819407
0.5269450175992232,0.0363056541627164,1.0,0.7771020817594713,seq_len,0.0,hallucinated,97.91566265060241,415,415,18.536453709573447
0.49132176234979974,0.006065062927294462,0.7771020817594713,1.0,sink_mass,0.0,hallucinated,0.43880675351317244,415,415,0.01968171610413085
