auroc_feature_vs_label,corr_spearman_with_entropy,corr_spearman_with_seq_len,corr_spearman_with_sink,feature,frac_missing,label,mean,n,n_finite,std
0.6939181286549707,1.0,0.006775651078251679,-0.002729144000752173,entropy,0.0,hallucinated,1.3106954211032533,415,415,0.45949335220351517
0.5192280701754386,0.006775651078251678,1.0,-0.8241100283758135,seq_len,0.0,hallucinated,72.74216867469879,415,415,16.142842201204672
0.5262222222222223,-0.002729144000752173,-0.8241100283758135,1.0,sink_mass,0.0,hallucinated,0.011930999273071893,415,415,0.0020158811958325383
