auroc_feature_vs_label,corr_spearman_with_entropy,corr_spearman_with_seq_len,corr_spearman_with_sink,feature,frac_missing,label,mean,n,n_finite,std
0.6939181286549707,1.0,0.006775651078251679,0.12107963627083586,entropy,0.0,hallucinated,1.3106954211032533,415,415,0.45949335220351517
0.5192280701754386,0.006775651078251678,1.0,-0.3772286866081488,seq_len,0.0,hallucinated,72.74216867469879,415,415,16.142842201204672
0.5139415204678363,0.12107963627083586,-0.37722868660814884,1.0,sink_mass,0.0,hallucinated,0.2938713691523267,415,415,0.04953236038348893
