auroc_feature_vs_label,corr_spearman_with_entropy,corr_spearman_with_seq_len,corr_spearman_with_sink,feature,frac_missing,label,mean,n,n_finite,std
0.6278797830521968,1.0,-0.13659809955286092,-0.0987290298317014,entropy,0.0,hallucinated,1.197508054881929,415,415,0.5330036283166624
0.470505548091755,-0.13659809955286092,1.0,-0.14529570687331478,seq_len,0.0,hallucinated,70.47469879518073,415,415,16.8774094638508
0.48076827387172216,-0.0987290298317014,-0.14529570687331475,1.0,sink_mass,0.0,hallucinated,0.44286477128616025,415,415,0.015636471932356726
