auroc_feature_vs_label,corr_spearman_with_entropy,corr_spearman_with_seq_len,corr_spearman_with_sink,feature,frac_missing,label,mean,n,n_finite,std
0.5503793036374246,1.0,-0.0989384230003495,-0.01532759308889776,entropy,0.0,hallucinated,2.920599103261189,415,415,0.30084069300139843
0.4536730856513,-0.0989384230003495,1.0,-0.890339122803841,seq_len,0.0,hallucinated,73.69638554216867,415,415,16.075855170590927
0.5519283927866263,-0.01532759308889776,-0.890339122803841,1.0,sink_mass,0.3132530120481928,hallucinated,0.20985795430357257,415,285,0.029945537150225972
