auroc_feature_vs_label,corr_spearman_with_entropy,corr_spearman_with_seq_len,corr_spearman_with_sink,feature,frac_missing,label,mean,n,n_finite,std
0.5503793036374246,1.0,-0.0989384230003495,0.12676088971269694,entropy,0.0,hallucinated,2.920599103261189,415,415,0.30084069300139843
0.4536730856513,-0.0989384230003495,1.0,-0.5598826989268224,seq_len,0.0,hallucinated,73.69638554216867,415,415,16.075855170590927
0.5965765415288854,0.12676088971269694,-0.5598826989268224,1.0,sink_mass,0.0,hallucinated,0.224951051236614,415,415,0.0336532595327971
