auroc_feature_vs_label,corr_spearman_with_entropy,corr_spearman_with_seq_len,corr_spearman_with_sink,feature,frac_missing,label,mean,n,n_finite,std
0.5503793036374246,1.0,-0.0989384230003495,0.038157983102980485,entropy,0.0,hallucinated,2.920599103261189,415,415,0.30084069300139843
0.4536730856513,-0.0989384230003495,1.0,-0.7404043267540624,seq_len,0.0,hallucinated,73.69638554216867,415,415,16.075855170590927
0.5588082733579719,0.038157983102980485,-0.7404043267540623,1.0,sink_mass,0.0,hallucinated,0.2053960792747175,415,415,0.020469143747886828
