auroc_feature_vs_label,corr_spearman_with_entropy,corr_spearman_with_seq_len,corr_spearman_with_sink,feature,frac_missing,label,mean,n,n_finite,std
0.633598824254492,1.0,-0.05204934672504387,0.046908565537966615,entropy,0.0,hallucinated,0.2871290737021075,415,415,0.41863619124367346
0.4910515336841606,-0.05204934672504386,1.0,-0.5203571507147284,seq_len,0.0,hallucinated,83.56867469879518,415,415,18.12206222281096
0.4679284037558685,0.046908565537966615,-0.5203571507147285,0.9999999999999999,sink_mass,0.10120481927710845,hallucinated,0.604562425274471,415,373,0.018762807210833166
