auroc_feature_vs_label,corr_spearman_with_entropy,corr_spearman_with_seq_len,corr_spearman_with_sink,feature,frac_missing,label,mean,n,n_finite,std
0.5084670231729055,0.9999999999999999,-0.15443753788937684,-0.458097809780978,entropy,0.0,incorrect,1.6479963886737823,100,100,0.4550108378772596
0.4623440285204991,-0.15443753788937684,1.0,0.3098833339051057,seq_len,0.0,incorrect,141.6,100,100,95.07081571123707
0.533868092691622,-0.458097809780978,0.3098833339051057,0.9999999999999999,sink_mass,0.0,incorrect,0.37109446484772923,100,100,0.012393574605597518
