auroc_feature_vs_label,corr_spearman_with_entropy,corr_spearman_with_seq_len,corr_spearman_with_sink,feature,frac_missing,label,mean,n,n_finite,std
0.4919589756038354,1.0,0.0363056541627164,0.027658459926663177,entropy,0.0,hallucinated,1.561851727962494,415,415,0.4649553263819407
0.5269450175992232,0.0363056541627164,1.0,0.35669199576756955,seq_len,0.0,hallucinated,97.91566265060241,415,415,18.536453709573447
0.5076465590484283,0.027658459926663177,0.35669199576756955,1.0,sink_mass,0.0,hallucinated,0.4562976433898724,415,415,0.01288534023497316
