auroc_feature_vs_label,corr_spearman_with_entropy,corr_spearman_with_seq_len,corr_spearman_with_sink,feature,frac_missing,label,mean,n,n_finite,std
0.5192480661989567,1.0,-0.11575746001529479,-0.07631411935366886,entropy,0.0,hallucinated,1.9064560113182987,415,415,0.3568542905936456
0.5540414942735504,-0.1157574600152948,1.0,-0.5797364565984123,seq_len,0.0,hallucinated,97.70843373493976,415,415,16.69757362662891
0.45652695328896087,-0.07631411935366886,-0.5797364565984123,1.0,sink_mass,0.0,hallucinated,0.36360549759221533,415,415,0.01985469749630678
