auroc_feature_vs_label,corr_spearman_with_entropy,corr_spearman_with_seq_len,corr_spearman_with_sink,feature,frac_missing,label,mean,n,n_finite,std
0.6440154260756435,1.0,-0.19051799736577735,-0.21044814710346402,entropy,0.0,hallucinated,0.9591490507933749,415,415,0.5889651619947466
0.5033686460366137,-0.19051799736577738,1.0,0.030029670670628724,seq_len,0.0,hallucinated,80.56867469879518,415,415,18.12206222281096
0.46928724096273583,-0.21044814710346402,0.030029670670628724,1.0,sink_mass,0.0,hallucinated,0.5491462283745319,415,415,0.011154556921150258
