auroc_feature_vs_label,corr_spearman_with_entropy,corr_spearman_with_seq_len,corr_spearman_with_sink,feature,frac_missing,label,mean,n,n_finite,std
0.43201754385964913,0.9999999999999999,-0.033744339889761756,0.21776710684273706,entropy,0.0,hallucinated,2.8991773557662963,50,50,0.2832972491894681
0.4418859649122807,-0.033744339889761756,1.0,-0.356094116671446,seq_len,0.0,hallucinated,75.12,50,50,14.551481024280655
0.4166666666666667,0.21776710684273706,-0.356094116671446,0.9999999999999999,sink_mass,0.0,hallucinated,0.25286400254815816,50,50,0.015967967600934243
