auroc_feature_vs_label,corr_spearman_with_entropy,corr_spearman_with_seq_len,corr_spearman_with_sink,feature,frac_missing,label,mean,n,n_finite,std
0.6925968768074031,1.0,-0.1687267465989871,0.08312959018407248,entropy,0.0,hallucinated,1.0043929489980261,415,415,0.32343221483136053
0.46528581068054753,-0.1687267465989871,1.0,-0.7934788297594815,seq_len,0.0,hallucinated,73.47469879518073,415,415,16.8774094638508
0.5003367003367003,0.08312959018407248,-0.7934788297594816,0.9999999999999998,sink_mass,0.344578313253012,hallucinated,0.48383823289741223,415,272,0.020147234702371047
