auroc_feature_vs_label,corr_spearman_with_entropy,corr_spearman_with_seq_len,corr_spearman_with_sink,feature,frac_missing,label,mean,n,n_finite,std
0.5202249810572944,1.0,0.11926969846744541,-0.09616308041530672,entropy,0.0,hallucinated,2.3138579517961984,415,415,0.28744122269460687
0.542795943346739,0.1192696984674454,1.0,-0.5356223213992753,seq_len,0.0,hallucinated,81.91566265060241,415,415,18.536453709573447
0.4980183015678732,-0.09616308041530672,-0.5356223213992753,1.0,sink_mass,0.0,hallucinated,0.41259181425730246,415,415,0.00815054305141127
