auroc_feature_vs_label,corr_spearman_with_entropy,corr_spearman_with_seq_len,corr_spearman_with_sink,feature,frac_missing,label,mean,n,n_finite,std
0.633598824254492,1.0,-0.05204934672504387,0.02145303622516823,entropy,0.0,hallucinated,0.2871290737021075,415,415,0.41863619124367346
0.4910515336841606,-0.05204934672504386,1.0,-0.3071738721820348,seq_len,0.0,hallucinated,83.56867469879518,415,415,18.12206222281096
0.47155454416157017,0.02145303622516823,-0.3071738721820348,1.0,sink_mass,0.0,hallucinated,0.29769748601736873,415,415,0.007441534230513983
