auroc_feature_vs_label,corr_spearman_with_entropy,corr_spearman_with_seq_len,corr_spearman_with_sink,feature,frac_missing,label,mean,n,n_finite,std
0.6939181286549707,1.0,0.006775651078251679,-0.0007105721614836966,entropy,0.0,hallucinated,1.3106954211032533,415,415,0.45949335220351517
0.5192280701754386,0.006775651078251678,1.0,-0.8375066648570804,seq_len,0.0,hallucinated,72.74216867469879,415,415,16.142842201204672
0.542303139620089,-0.0007105721614836966,-0.8375066648570805,0.9999999999999998,sink_mass,0.3493975903614458,hallucinated,0.26376539195362647,415,270,0.015224204485453783
