auroc_feature_vs_label,corr_spearman_with_entropy,corr_spearman_with_seq_len,corr_spearman_with_sink,feature,frac_missing,label,mean,n,n_finite,std
0.6925968768074031,1.0,-0.1687267465989871,0.05296486951149078,entropy,0.0,hallucinated,1.0043929489980261,415,415,0.32343221483136053
0.46528581068054753,-0.1687267465989871,1.0,-0.5319142443094902,seq_len,0.0,hallucinated,73.47469879518073,415,415,16.8774094638508
0.5229660690187006,0.05296486951149078,-0.5319142443094902,1.0,sink_mass,0.0,hallucinated,0.23874661055484342,415,415,0.008799247745878433
